{
  "name": "firebase",
  "version": "3.9.0",
  "homepage": "https://firebase.google.com",
  "authors": [
    "Firebase <firebase-support@google.com>"
  ],
  "description": "Firebase Web Client",
  "main": "firebase.js",
  "keywords": [
    "Firebase",
    "realtime",
    "database",
    "storage",
    "authentication"
  ],
  "license": "https://developers.google.com/terms",
  "private": false,
  "ignore": [
    "**/.*",
    "node_modules",
    "bower_components",
    "test",
    "tests"
  ],
  "_release": "3.9.0",
  "_resolution": {
    "type": "version",
    "tag": "v3.9.0",
    "commit": "1d3a89e5597ecde4bb1266a24c6bd0bca2a3a2be"
  },
  "_source": "https://github.com/firebase/firebase-bower.git",
  "_target": "3.x.x",
  "_originalSource": "firebase"
}